﻿Designator,Footprint,Quantity,Value,LCSC Part #
"C1, C2, C3, C4, C5, C6, C7, C8",C_Disc_D5.0mm_W2.5mm_P5.00mm,8,1 uF,
"J1, J2",PinSocket_1x24_P2.54mm_Vertical,2,Conn_01x24,
"J10, J4, J6, J8",JST_PH_B2B-PH-K_1x02_P2.00mm_Vertical,4,Conn_01x02_Pin,
"J11, J12, J14, J15, J16, J17, J18, J19, J22, J23, J24, J25, J3, J5, J7, J9",JST_PH_B2B-PH-K_1x02_P2.00mm_Vertical,16,Conn_01x02_Socket,
"J13, J20, J21",TerminalBlock_MetzConnect_Type101_RT01602HBWC_1x02_P5.08mm_Horizontal,3,Screw_Terminal_01x02,
"MK1, MK2, MK3, MK4, MK5, MK6, MK7, MK8",MIC_ICS-52000,8,ICS-52000,
"R1, R2",R_Axial_DIN0207_L6.3mm_D2.5mm_P7.62mm_Horizontal,2,100 k,
